Updated 09/18/25 at 06:03pm,Position Rank,Position,Team,Value,Age,Rookie,SFPosition Rank,SFValue,RdrftPosition Rank,RdrftValue
Ja'Marr Chase,WR1,WR,CIN,9997,25.6,No,WR1,9960,,0
Bijan Robinson,RB1,RB,ATL,9994,23.6,No,RB1,9519,,0
Malik Nabers,WR2,WR,NYG,9573,22.1,No,WR2,8962,,0
Justin Jefferson,WR3,WR,MIN,9451,26.2,No,WR3,8754,,0
Jahmyr Gibbs,RB2,RB,DET,9246,23.5,No,RB2,8464,,0
CeeDee Lamb,WR4,WR,DAL,8948,26.4,No,WR4,8419,,0
Brock Bowers,TE1,TE,LVR,8612,22.8,No,TE1,8096,,0
Puka Nacua,WR5,WR,LAR,8279,24.3,No,WR5,7804,,0
Amon-Ra St. Brown,WR6,WR,DET,8114,25.9,No,WR6,7524,,0
Josh Allen,QB1,QB,BUF,8059,29.3,No,QB1,9999,,0
Ashton Jeanty,RB3,RB,LVR,7699,21.8,Yes,RB3,7096,,0
Lamar Jackson,QB2,QB,BAL,7629,28.7,No,QB2,9996,,0
Brian Thomas Jr.,WR7,WR,JAC,7419,22.9,No,WR7,6855,,0
Jaxon Smith-Njigba,WR8,WR,SEA,7374,23.6,No,WR8,6826,,0
Drake London,WR9,WR,ATL,7373,24.2,No,WR9,6713,,0
Jayden Daniels,QB3,QB,WAS,7350,24.8,No,QB3,9390,,0
Saquon Barkley,RB4,RB,PHI,7308,28.6,No,RB4,6672,,0
Trey McBride,TE2,TE,ARI,7222,25.8,No,TE2,6640,,0
Nico Collins,WR10,WR,HOU,6998,26.5,No,WR10,6397,,0
Bucky Irving,RB5,RB,TBB,6942,23.1,No,RB5,6291,,0
Ladd McConkey,WR11,WR,LAC,6923,23.9,No,WR12,6295,,0
Emeka Egbuka,WR12,WR,TBB,6860,22.9,Yes,WR11,6374,,0
De'Von Achane,RB6,RB,MIA,6775,23.9,No,RB6,6216,,0
Tetairoa McMillan,WR13,WR,CAR,6725,22.4,Yes,WR13,6197,,0
Jonathan Taylor,RB7,RB,IND,6657,26.7,No,RB7,6084,,0
Omarion Hampton,RB8,RB,LAC,6581,22.5,Yes,RB8,5917,,0
2027 Early 1st,,PI,,6511,,,,5916.99,,0
Marvin Harrison Jr.,WR14,WR,ARI,6488,23.1,No,WR15,5842,,0
Garrett Wilson,WR15,WR,NYJ,6410,25.2,No,WR14,5848,,0
Rome Odunze,WR16,WR,CHI,6380,23.3,No,WR16,5623,,0
2026 Early 1st,,PI,,6371,,,,5743,,0
Jalen Hurts,QB4,QB,PHI,6364,27.1,No,QB4,7821,,0
Tyler Warren,TE3,TE,IND,6358,23.3,Yes,TE3,5846,,0
Chase Brown,RB9,RB,CIN,6218,25.5,No,RB11,5468,,0
James Cook,RB10,RB,BUF,6193,26.0,No,RB10,5527,,0
TreVeyon Henderson,RB11,RB,NEP,6192,22.9,Yes,RB9,5538,,0
Joe Burrow,QB5,QB,CIN,6123,28.8,No,QB5,7204,,0
Josh Jacobs,RB12,RB,GBP,5983,27.6,No,RB12,5285,,0
Christian McCaffrey,RB13,RB,SFO,5973,29.3,No,RB13,5270,,0
Derrick Henry,RB14,RB,BAL,5954,31.7,No,RB16,5142,,0
Kyren Williams,RB15,RB,LAR,5949,25.1,No,RB15,5151,,0
Breece Hall,RB16,RB,NYJ,5941,24.3,No,RB14,5269,,0
Zay Flowers,WR17,WR,BAL,5920,25.0,No,WR19,5167,,0
Rashee Rice,WR18,WR,KCC,5899,25.4,No,WR17,5205,,0
Tee Higgins,WR19,WR,CIN,5864,26.7,No,WR18,5169,,0
Travis Hunter,WR20,WR,JAC,5830,22.3,Yes,WR20,5124,,0
A.J. Brown,WR21,WR,PHI,5818,28.2,No,WR21,5122,,0
2027 Mid 1st,,PI,,5786,,,,5014,,0
Jameson Williams,WR22,WR,DET,5743,24.5,No,WR22,4886,,0
Quinshon Judkins,RB17,RB,CLE,5708,21.9,Yes,RB17,4893,,0
2026 Mid 1st,,PI,,5690,,,,5040,,0
2028 Early 1st,,PI,,5615,,,,4786,,0
Kenneth Walker III,RB18,RB,SEA,5574,24.9,No,RB18,4666,,0
Justin Herbert,QB6,QB,LAC,5555,27.5,No,QB6,6942,,0
Tucker Kraft,TE4,TE,GBP,5522,24.9,No,TE4,4941,,0
Sam LaPorta,TE5,TE,DET,5517,24.7,No,TE5,4674,,0
Ricky Pearsall,WR23,WR,SFO,5490,25.0,No,WR24,4631,,0
Matthew Golden,WR24,WR,GBP,5475,22.1,Yes,WR28,4552,,0
Chuba Hubbard,RB19,RB,CAR,5456,26.3,No,RB19,4549,,0
Xavier Worthy,WR25,WR,KCC,5455,22.4,No,WR23,4658,,0
Jordan Addison,WR26,WR,MIN,5442,23.6,No,WR26,4571,,0
DeVonta Smith,WR27,WR,PHI,5429,26.8,No,WR25,4570.99,,0
Patrick Mahomes,QB7,QB,KCC,5427,30.0,No,QB8,6274,,0
Drake Maye,QB8,QB,NEP,5406,23.0,No,QB7,6409,,0
DK Metcalf,WR28,WR,PIT,5405.99,27.8,No,WR27,4556,,0
George Pickens,WR29,WR,DAL,5398,24.5,No,WR29,4465,,0
2027 Late 1st,,PI,,5379,,,,4602,,0
2026 Late 1st,,PI,,5367,,,,4649,,0
Bo Nix,QB9,QB,DEN,5342,25.6,No,QB10,6073,,0
Travis Etienne,RB20,RB,JAC,5327,26.6,No,RB20,4435,,0
RJ Harvey,RB21,RB,DEN,5292,24.6,Yes,RB21,4416,,0
Keon Coleman,WR30,WR,BUF,5246,22.3,No,WR30,4341,,0
2028 Mid 1st,,PI,,5240,,,,4384,,0
Chris Olave,WR31,WR,NOS,5076,25.2,No,WR31,4131,,0
George Kittle,TE6,TE,SFO,5074,31.9,No,TE6,4270,,0
Colston Loveland,TE7,TE,CHI,5003,21.4,Yes,TE7,4199,,0
Jordan Love,QB10,QB,GBP,5000,26.9,No,QB9,6263,,0
Courtland Sutton,WR32,WR,DEN,4940,29.9,No,WR33,3964,,0
D.J. Moore,WR33,WR,CHI,4927,28.4,No,WR35,3841,,0
Jacory Croskey-Merritt,RB22,RB,WAS,4922,24.4,Yes,RB22,4039,,0
Terry McLaurin,WR34,WR,WAS,4914,30.0,No,WR32,4061,,0
Jaylen Waddle,WR35,WR,MIA,4885,26.8,No,WR34,3949,,0
C.J. Stroud,QB11,QB,HOU,4859,24.0,No,QB12,5506,,0
2028 Late 1st,,PI,,4852,,,,3978,,0
Baker Mayfield,QB12,QB,TBB,4739,30.4,No,QB11,5637,,0
Caleb Williams,QB13,QB,CHI,4738,23.8,No,QB13,5503,,0
Mike Evans,WR36,WR,TBB,4683,32.1,No,WR36,3732,,0
Alvin Kamara,RB23,RB,NOS,4638,30.2,No,RB23,3703,,0
Zach Charbonnet,RB24,RB,SEA,4594,24.7,No,RB25,3625,,0
Cam Ward,QB14,QB,TEN,4514,23.3,Yes,QB15,5237,,0
Javonte Williams,RB25,RB,DAL,4465,25.4,No,RB24,3672,,0
Kyler Murray,QB15,QB,ARI,4435,28.1,No,QB17,5028,,0
Harold Fannin,TE8,TE,CLE,4434.99,21.2,Yes,TE8,3728,,0
Davante Adams,WR37,WR,LAR,4386,32.7,No,WR37,3541,,0
Bhayshul Tuten,RB26,RB,JAC,4352,22.6,Yes,RB28,3393,,0
Trey Benson,RB27,RB,ARI,4351,23.2,No,RB29,3379,,0
J.J. McCarthy,QB16,QB,MIN,4338,22.7,No,QB18,4933,,0
Cam Skattebo,RB28,RB,NYG,4326,23.6,Yes,RB27,3466,,0
Brock Purdy,QB17,QB,SFO,4308,25.7,No,QB16,5215,,0
Jordan Mason,RB29,RB,MIN,4291,26.3,No,RB26,3478,,0
2026 Early 2nd,,PI,,4263,,,,3420,,0
Jakobi Meyers,WR38,WR,LVR,4248,28.8,No,WR38,3435,,0
Jerry Jeudy,WR39,WR,CLE,4246,26.4,No,WR39,3392.99,,0
Michael Penix Jr.,QB18,QB,ATL,4238,25.4,No,QB14,5248,,0
Jaylen Warren,RB30,RB,PIT,4229,26.9,No,RB30,3327,,0
Michael Pittman,WR40,WR,IND,4228,28.0,No,WR40,3378.99,,0
D'Andre Swift,RB31,RB,CHI,4176,26.7,No,RB31,3310,,0
David Montgomery,RB32,RB,DET,4156,28.3,No,RB33,3247,,0
Josh Downs,WR41,WR,IND,4131,24.1,No,WR45,3250,,0
James Conner,RB33,RB,ARI,4109,30.4,No,RB32,3252,,0
Luther Burden,WR42,WR,CHI,4108,21.8,Yes,WR46,3231,,0
Kyle Pitts,TE9,TE,ATL,4095,25.0,No,TE9,3352,,0
2027 Early 2nd,,PI,,4093,,,,3388,,0
Deebo Samuel,WR43,WR,WAS,4083,29.7,No,WR42,3287,,0
T.J. Hockenson,TE10,TE,MIN,4077,28.2,No,TE10,3280,,0
Tyreek Hill,WR44,WR,MIA,4068,31.6,No,WR44,3255,,0
Kaleb Johnson,RB34,RB,PIT,4065,22.1,Yes,RB36,3178,,0
Jayden Higgins,WR45,WR,HOU,4054,22.8,Yes,WR47,3203,,0
Tony Pollard,RB35,RB,TEN,4038,28.4,No,RB34,3209,,0
Dylan Sampson,RB36,RB,CLE,3969,21.0,Yes,RB35,3199,,0
Quentin Johnston,WR46,WR,LAC,3956,24.0,No,WR41,3360,,0
Khalil Shakir,WR47,WR,BUF,3911,25.6,No,WR50,3085,,0
Jayden Reed,WR48,WR,GBP,3902,25.4,No,WR49,3118,,0
Brandon Aiyuk,WR49,WR,SFO,3882,27.5,No,WR48,3188,,0
Dak Prescott,QB19,QB,DAL,3873,32.1,No,QB19,4690,,0
2026 Mid 2nd,,PI,,3865,,,,3214,,0
Trevor Lawrence,QB20,QB,JAC,3826,26.0,No,QB22,4601.99,,0
Jaxson Dart,QB21,QB,NYG,3825,22.4,Yes,QB21,4633,,0
Elic Ayomanor,WR50,WR,TEN,3822,22.3,Yes,WR43,3256,,0
Calvin Ridley,WR51,WR,TEN,3809,30.7,No,WR54,3018,,0
Dalton Kincaid,TE11,TE,BUF,3774,25.9,No,TE11,3035,,0
Chris Godwin,WR52,WR,TBB,3768,29.6,No,WR52,3032,,0
J.K. Dobbins,RB37,RB,DEN,3755,26.8,No,RB37,3113,,0
2027 Mid 2nd,,PI,,3752,,,,3093,,0
Cedric Tillman,WR53,WR,CLE,3741,25.4,No,WR55,2997,,0
Justin Fields,QB22,QB,NYJ,3726,26.5,No,QB23,4059,,0
Jared Goff,QB23,QB,DET,3716,30.9,No,QB20,4646,,0
Jauan Jennings,WR54,WR,SFO,3699,28.2,No,WR51,3061,,0
Isaac TeSlaa,WR55,WR,DET,3661,23.6,Yes,WR53,3031.99,,0
Braelon Allen,RB38,RB,NYJ,3660.99,21.7,No,RB38,2949,,0
2028 Early 2nd,,PI,,3658,,,,3006,,0
David Njoku,TE12,TE,CLE,3645,29.2,No,TE14,2923,,0
Tyrone Tracy,RB39,RB,NYG,3644,25.8,No,RB39,2898,,0
Isiah Pacheco,RB40,RB,KCC,3627,26.6,No,RB40,2827,,0
Bryce Young,QB24,QB,CAR,3616,24.2,No,QB24,3865,,0
Isaiah Likely,TE13,TE,BAL,3610,25.4,No,TE12,2956,,0
Jake Ferguson,TE14,TE,DAL,3609.99,26.7,No,TE13,2945,,0
2026 Late 2nd,,PI,,3604,,,,2947,,0
Tre Harris,WR56,WR,LAC,3602,23.6,Yes,WR62,2815,,0
Dont'e Thornton,WR57,WR,LVR,3575,22.8,Yes,WR57,2888,,0
Brenton Strange,TE15,TE,JAC,3572,24.7,No,TE15,2915,,0
Troy Franklin,WR58,WR,DEN,3510,22.6,No,WR56,2892,,0
Ollie Gordon,RB41,RB,MIA,3508,21.7,Yes,RB41,2770,,0
2028 Mid 2nd,,PI,,3504,,,,2826.99,,0
2027 Late 2nd,,PI,,3456,,,,2913,,0
Marvin Mims,WR59,WR,DEN,3445,23.5,No,WR63,2779,,0
Rashid Shaheed,WR61,WR,NOS,3437,27.0,No,WR58,2863,,0
Romeo Doubs,WR60,WR,GBP,3436.99,25.4,No,WR60,2828,,0
Darnell Mooney,WR62,WR,ATL,3416,27.9,No,WR68,2678,,0
Jalen Coker,WR63,WR,CAR,3382,23.9,No,WR64,2744,,0
Kyle Williams,WR64,WR,NEP,3378,22.8,Yes,WR67,2698,,0
Mason Taylor,TE16,TE,NYJ,3353,21.4,Yes,TE16,2693,,0
Wan'Dale Robinson,WR65,WR,NYG,3343,24.7,No,WR59,2833,,0
Stefon Diggs,WR66,WR,NEP,3321,31.8,No,WR70,2636,,0
Travis Kelce,TE17,TE,KCC,3320.99,36.0,No,TE18,2601,,0
Aaron Jones,RB42,RB,MIN,3311,30.8,No,RB43,2704,,0
Brian Robinson,RB43,RB,SFO,3309,26.5,No,RB47,2591,,0
Jaydon Blue,RB44,RB,DAL,3300,21.7,Yes,RB45,2608,,0
Tory Horton,WR67,WR,SEA,3295,22.8,Yes,WR66,2705,,0
Jalen McMillan,WR68,WR,TBB,3256,23.8,No,WR69,2668,,0
Tyjae Spears,RB45,RB,TEN,3248,24.3,No,RB46,2600.99,,0
Rhamondre Stevenson,RB46,RB,NEP,3238,27.6,No,RB42,2732,,0
2028 Late 2nd,,PI,,3235,,,,2677.99,,0
Kayshon Boutte,WR69,WR,NEP,3230,23.4,No,WR61,2819,,0
Tyler Allgeier,RB47,RB,ATL,3208,25.4,No,RB44,2697,,0
Mark Andrews,TE18,TE,BAL,3196,30.0,No,TE19,2545,,0
Jaylin Noel,WR70,WR,HOU,3192,23.0,Yes,WR72,2535,,0
Rashod Bateman,WR71,WR,BAL,3181,25.8,No,WR74,2463,,0
Elijah Arroyo,TE19,TE,SEA,3122,22.4,Yes,TE17,2611,,0
Evan Engram,TE20,TE,DEN,3105,31.0,No,TE22,2430,,0
Marquise Brown,WR72,WR,KCC,3096,28.3,No,WR71,2614,,0
DJ Giddens,RB48,RB,IND,3083,22.1,Yes,RB48,2528,,0
Jalen Milroe,QB25,QB,SEA,3058,22.8,Yes,QB30,2806,,0
Jack Bech,WR73,WR,LVR,3054,22.8,Yes,WR75,2419,,0
Tua Tagovailoa,QB26,QB,MIA,3008,27.6,No,QB27,2948,,0
Demario Douglas,WR74,WR,NEP,2978,24.8,No,WR77,2377,,0
Pat Bryant,WR75,WR,DEN,2977,22.8,Yes,WR76,2405,,0
Terrance Ferguson,TE21,TE,LAR,2971,22.5,Yes,TE21,2433,,0
Keenan Allen,WR76,WR,LAC,2967,33.4,No,WR65,2707,,0
Cooper Kupp,WR77,WR,SEA,2963,32.3,No,WR73,2468,,0
Ray Davis,RB49,RB,BUF,2957,25.8,No,RB58,2228,,0
Xavier Legette,WR78,WR,CAR,2927,24.6,No,WR81,2259,,0
Dallas Goedert,TE22,TE,PHI,2917,30.7,No,TE23,2413,,0
Rachaad White,RB50,RB,TBB,2910,26.7,No,RB50,2414,,0
Adonai Mitchell,WR79,WR,IND,2907,22.9,No,WR79,2337,,0
Woody Marks,RB51,RB,HOU,2883,24.7,Yes,RB49,2462.99,,0
Joe Mixon,RB52,RB,HOU,2878,29.2,No,RB55,2291,,0
Kyle Monangai,RB53,RB,CHI,2864,23.3,Yes,RB53,2352,,0
Sam Darnold,QB27,QB,SEA,2858,28.3,No,QB26,3308,,0
Najee Harris,RB54,RB,LAC,2857.99,27.5,No,RB51,2388,,0
Tank Bigsby,RB55,RB,PHI,2855,24.0,No,RB56,2271,,0
Ja'Tavion Sanders,TE23,TE,CAR,2850,22.5,No,TE24,2368,,0
Blake Corum,RB56,RB,LAR,2807,24.8,No,RB52,2387,,0
2026 Early 3rd,,PI,,2772,,,,2429,,0
Christian Watson,WR80,WR,GBP,2760,26.4,No,WR78,2346,,0
Tank Dell,WR81,WR,HOU,2755,25.9,No,WR80,2322,,0
Cade Otton,TE24,TE,TBB,2742,26.4,No,TE25,2279,,0
Jalen Royals,WR82,WR,KCC,2717,22.6,Yes,WR86,2083,,0
Dontayvion Wicks,WR83,WR,GBP,2709,24.2,No,WR82,2257,,0
Matthew Stafford,QB28,QB,LAR,2693,37.6,No,QB28,2928,,0
Jonathon Brooks,RB57,RB,CAR,2692,22.2,No,RB59,2185,,0
Jaylen Wright,RB58,RB,MIA,2676,22.5,No,RB61,2075,,0
Trevor Etienne,RB59,RB,CAR,2636,21.2,Yes,RB57,2264,,0
2027 Early 3rd,,PI,,2627,,,,2280,,0
Chigoziem Okonkwo,TE25,TE,TEN,2626.99,26.0,No,TE27,2244,,0
Juwan Johnson,TE26,TE,NOS,2604,29.0,No,TE20,2536,,0
Anthony Richardson,QB29,QB,IND,2590,23.3,No,QB33,2302,,0
Geno Smith,QB30,QB,LVR,2572,34.9,No,QB29,2924,,0
Kendre Miller,RB60,RB,NOS,2568,23.3,No,RB60,2094,,0
Alec Pierce,WR84,WR,IND,2563,25.4,No,WR85,2112,,0
Pat Freiermuth,TE27,TE,PIT,2556,26.9,No,TE28,2124,,0
2026 Mid 3rd,,PI,,2552,,,,2232,,0
Nick Chubb,RB61,RB,HOU,2546,29.7,No,RB54,2292,,0
Christian Kirk,WR85,WR,HOU,2534,28.8,No,WR88,2023,,0
Keaton Mitchell,RB62,RB,BAL,2516,23.7,No,RB62,2001,,0
Joshua Palmer,WR86,WR,BUF,2499,26.0,No,WR87,2042,,0
Jarquez Hunter,RB63,RB,LAR,2458,22.7,Yes,RB67,1907,,0
2027 Mid 3rd,,PI,,2452,,,,2085,,0
Will Shipley,RB64,RB,PHI,2442,23.0,No,RB63,1954,,0
Calvin Austin III,WR87,WR,PIT,2436,26.5,No,WR83,2144,,0
Jonnu Smith,TE28,TE,PIT,2430,30.1,No,TE30,2078,,0
Tahj Brooks,RB65,RB,CIN,2414,23.4,Yes,RB66,1927,,0
2028 Early 3rd,,PI,,2402,,,,2026,,0
Zach Ertz,TE29,TE,WAS,2398,34.8,No,TE26,2261,,0
Theo Johnson,TE30,TE,NYG,2396,24.6,No,TE31,2033,,0
Devin Neal,RB66,RB,NOS,2388,22.1,Yes,RB68,1898,,0
Brashard Smith,RB67,RB,KCC,2379,22.4,Yes,RB65,1926.99,,0
Michael Mayer,TE31,TE,LVR,2374,24.2,No,TE29,2088,,0
Tre Tucker,WR88,WR,LVR,2354,24.5,No,WR84,2140,,0
Hunter Henry,TE32,TE,NEP,2351,30.8,No,TE33,1996,,0
2026 Late 3rd,,PI,,2346,,,,2077,,0
Jerome Ford,RB68,RB,CLE,2332,26.0,No,RB69,1852,,0
KeAndre Lambert-Smith,WR89,WR,LAC,2310,23.9,Yes,WR93,1885,,0
Isaac Guerendo,RB69,RB,SFO,2295,25.2,No,RB64,1941,,0
Malik Washington,WR90,WR,MIA,2289,24.7,No,WR89,1995.99,,0
Ben Sinnott,TE33,TE,WAS,2284,23.3,No,TE34,1963,,0
Cole Kmet,TE34,TE,CHI,2276,26.5,No,TE32,1998,,0
Daniel Jones,QB31,QB,IND,2261,28.3,No,QB25,3570,,0
2027 Late 3rd,,PI,,2240,,,,1970,,0
Dyami Brown,WR91,WR,JAC,2222,25.9,No,WR92,1913,,0
Roman Wilson,WR92,WR,PIT,2215,24.2,No,WR95,1837,,0
Rico Dowdle,RB70,RB,CAR,2210,27.3,No,RB74,1755,,0
Jordan James,RB71,RB,SFO,2185,21.5,Yes,RB72,1794,,0
Roschon Johnson,RB72,RB,CHI,2171,24.6,No,RB77,1668,,0
Michael Wilson,WR93,WR,ARI,2158,25.6,No,WR94,1861,,0
Sean Tucker,RB73,RB,TBB,2148,23.9,No,RB70,1819,,0
Isaiah Bond,WR94,WR,CLE,2133,21.5,Yes,WR90,1926,,0
Tyquan Thornton,WR95,WR,KCC,2123,25.1,No,WR91,1915,,0
LeQuint Allen,RB74,RB,JAC,2100,21.1,Yes,RB71,1808,,0
2028 Mid 3rd,,PI,,2097,,,,1934,,0
MarShawn Lloyd,RB75,RB,GBP,2092,24.7,No,RB76,1732,,0
Jalen Nailor,WR96,WR,MIN,2078,26.6,No,WR96,1818.99,,0
Kenneth Gainwell,RB76,RB,PIT,2071,26.5,No,RB73,1758,,0
Dalton Schultz,TE35,TE,HOU,2068,29.2,No,TE35,1813,,0
Savion Williams,WR97,WR,GBP,2059,23.8,Yes,WR100,1703,,0
Chris Rodriguez,RB77,RB,WAS,2046,25.0,No,RB75,1737,,0
2028 Late 3rd,,PI,,2026,,,,1814,,0
Shedeur Sanders,QB32,QB,CLE,1984,23.6,Yes,QB37,2052,,0
Oronde Gadsden,TE36,TE,LAC,1981,22.2,Yes,TE36,1731.99,,0
Jahan Dotson,WR98,WR,PHI,1978,25.5,No,WR99,1712,,0
Luke Musgrave,TE37,TE,GBP,1975,25.0,No,TE40,1665,,0
Andrei Iosivas,WR99,WR,CIN,1973,25.9,No,WR102,1658,,0
Jaylin Lane,WR100,WR,WAS,1964,23.4,Yes,WR97,1812.99,,0
Noah Fant,TE38,TE,CIN,1948,27.8,No,TE37,1697,,0
Chimere Dike,WR101,WR,TEN,1927,23.8,Yes,WR104,1626,,0
DeAndre Hopkins,WR102,WR,BAL,1924,33.3,No,WR98,1765,,0
2026 Early 4th,,PI,,1912,,,,1744,,0
Noah Gray,TE39,TE,KCC,1911.99,26.4,No,TE41,1636,,0
Jordan Whittington,WR103,WR,LAR,1908,25.0,No,WR107,1591,,0
Parker Washington,WR104,WR,JAC,1901,23.5,No,WR101,1694,,0
Gunnar Helm,TE40,TE,TEN,1899,23.0,Yes,TE39,1680,,0
2027 Early 4th,,PI,,1889,,,,1664,,0
AJ Barner,TE41,TE,SEA,1887,23.4,No,TE38,1687,,0
Isaiah Davis,RB78,RB,NYJ,1883,23.6,No,RB78,1593,,0
Jimmy Horn,WR105,WR,CAR,1874,23.0,Yes,WR103,1632,,0
Justice Hill,RB79,RB,BAL,1873,27.8,No,RB79,1590,,0
Elijah Moore,WR106,WR,BUF,1846,25.5,No,WR105,1590.99,,0
Mike Gesicki,TE42,TE,CIN,1833,30.0,No,TE43,1481,,0
Kareem Hunt,RB80,RB,KCC,1803,30.1,No,RB80,1577,,0
Xavier Hutchinson,WR107,WR,HOU,1800,25.3,No,WR106,1590.98,,0
Adam Thielen,WR108,WR,MIN,1797,35.1,No,WR109,1541,,0
Tyler Shough,QB33,QB,NOS,1793,26.0,Yes,QB39,1946,,0
Dawson Knox,TE43,TE,BUF,1791,28.8,No,TE42,1614,,0
Darius Slayton,WR109,WR,NYG,1779,28.7,No,WR108,1547,,0
Jermaine Burton,WR110,WR,CIN,1773,24.2,No,WR116,1428,,0
2026 Mid 4th,,PI,,1756,,,,1667,,0
Luke McCaffrey,WR111,WR,WAS,1755.99,24.5,No,WR111,1502,,0
Jake Browning,QB34,QB,CIN,1729,29.4,No,QB31,2589,,0
Dameon Pierce,RB81,RB,HOU,1728,25.6,No,RB81,1483,,0
2027 Mid 4th,,PI,,1724,,,,1601,,0
Tai Felton,WR112,WR,MIN,1720,22.5,Yes,WR115,1435,,0
Tez Johnson,WR113,WR,TBB,1712,23.3,Yes,WR114,1450,,0
Jalin Hyatt,WR114,WR,NYG,1700,24.0,No,WR118,1422,,0
Joe Milton,QB35,QB,DAL,1688,25.5,No,QB40,1743.99,,0
2028 Early 4th,,PI,,1666,,,,1480,,0
Jalen Tolbert,WR115,WR,DAL,1665,26.6,No,WR113,1467,,0
Kalel Mullings,RB82,RB,TEN,1658,23.0,Yes,RB84,1360,,0
Devaughn Vele,WR116,WR,NOS,1656,27.8,No,WR117,1423,,0
Miles Sanders,RB83,RB,DAL,1654,28.4,No,RB82,1405,,0
Tutu Atwell,WR117,WR,LAR,1653,26.0,No,WR122,1357,,0
Efton Chism,WR118,WR,NEP,1652,23.9,Yes,WR110,1535,,0
John Metchie,WR119,WR,PHI,1639,25.2,No,WR124,1352,,0
Emanuel Wilson,RB84,RB,GBP,1638,26.4,No,RB83,1380,,0
Russell Wilson,QB36,QB,NYG,1629,36.8,No,QB35,2215,,0
2026 Late 4th,,PI,,1628,,,,1581,,0
Trey Palmer,WR120,WR,NOS,1623,24.5,No,WR127,1299,,0
Devontez Walker,WR121,WR,BAL,1622,24.2,No,WR119,1421,,0
Dillon Gabriel,QB37,QB,CLE,1612,24.7,Yes,QB38,1969.99,,0
Hunter Renfrow,WR122,WR,CAR,1602,29.7,No,WR112,1474,,0
Ray-Ray McCloud,WR123,WR,ATL,1587,28.9,No,WR121,1398,,0
Jaleel McLaughlin,RB85,RB,DEN,1585,25.0,No,RB86,1319,,0
Damien Martinez,RB86,RB,SEA,1575,21.6,Yes,RB88,1279,,0
2027 Late 4th,,PI,,1541,,,,1429,,0
Olamide Zaccheaus,WR124,WR,CHI,1520,28.2,No,WR120,1397.99,,0
Cade Stover,TE44,TE,HOU,1518,25.3,No,TE45,1282,,0
2028 Mid 4th,,PI,,1512,,,,1396,,0
Spencer Rattler,QB38,QB,NOS,1508,25.0,No,QB32,2408,,0
Mac Jones,QB39,QB,SFO,1507,27.0,No,QB36,2118,,0
Aaron Rodgers,QB40,QB,PIT,1506,41.8,No,QB34,2256.99,,0
Will Howard,QB41,QB,PIT,1486,24.0,Yes,QB42,1627,,0
Jacob Cowing,WR125,WR,SFO,1481,24.6,No,WR126,1300,,0
Raheim Sanders,RB87,RB,CLE,1480,23.3,Yes,RB85,1334,,0
Xavier Restrepo,WR126,WR,TEN,1473,23.4,Yes,WR128,1293,,0
Ty Johnson,RB88,RB,BUF,1472,28.0,No,RB87,1290,,0
Tahj Washington,WR127,WR,MIA,1469,24.3,No,WR130,1281.99,,0
Ja'Lynn Polk,WR128,WR,NOS,1467,23.4,No,WR125,1327,,0
JuJu Smith-Schuster,WR129,WR,KCC,1456,28.8,No,WR123,1355,,0
Tyler Goodson,RB89,RB,IND,1438,24.8,No,RB89,1265,,0
Audric Estime,RB90,RB,PHI,1414,22.0,No,RB93,1175,,0
Jordan Watkins,WR130,WR,SFO,1410,23.6,Yes,WR132,1263,,0
2028 Late 4th,,PI,,1406,,,,1194,,0
Antonio Gibson,RB91,RB,NEP,1400,27.2,No,RB90,1255,,0
Jake Tonges,TE45,TE,SFO,1395,26.2,No,TE44,1329,,0
Erick All,TE47,TE,CIN,1392,25.0,No,TE48,1233,,0
Will Dissly,TE46,TE,LAC,1391.99,29.2,No,TE50,1221,,0
Noah Brown,WR131,WR,WAS,1390,29.7,No,WR131,1262.99,,0
Darnell Washington,TE48,TE,PIT,1380,24.1,No,TE46,1260,,0
KaVontae Turpin,WR132,WR,DAL,1379,29.1,No,WR129,1288,,0
Phil Mafah,RB92,RB,DAL,1378,22.9,Yes,RB92,1213,,0
Tyler Conklin,TE49,TE,LAC,1362,30.1,No,TE47,1237,,0
Elijah Mitchell,RB93,RB,KCC,1360,27.4,No,RB91,1222,,0
Quinn Ewers,QB42,QB,MIA,1318,22.4,Yes,QB44,1437,,0
Nick Westbrook-Ikhine,WR133,WR,MIA,1314,28.5,No,WR136,1172,,0
Luke Schoonmaker,TE50,TE,DAL,1300,27.0,No,TE51,1137,,0
Kendrick Bourne,WR134,WR,SFO,1297,30.1,No,WR137,1167,,0
Curtis Samuel,WR135,WR,BUF,1293,29.1,No,WR135,1173,,0
Gabriel Davis,WR136,WR,BUF,1291,26.5,No,WR139,1095,,0
Tyler Higbee,TE51,TE,LAR,1282,32.7,No,TE49,1226,,0
Javon Baker,WR137,WR,PHI,1280,23.6,No,WR146,1015,,0
Elijah Higgins,TE52,TE,ARI,1268,24.9,No,TE53,1111,,0
Donovan Edwards,RB94,RB,WAS,1263,22.6,Yes,RB96,1096,,0
Tyler Lockett,WR138,WR,TEN,1262.99,33.0,No,WR140,1090,,0
Arian Smith,WR139,WR,NYJ,1253,23.9,Yes,WR133,1179,,0
Devin Singletary,RB95,RB,NYG,1252,28.0,No,RB94,1144,,0
Greg Dortch,WR140,WR,ARI,1251,27.3,No,WR134,1174.99,,0
Daniel Bellinger,TE53,TE,NYG,1250,25.0,No,TE54,1109,,0
Colby Parkinson,TE54,TE,LAR,1215,26.7,No,TE55,1034,,0
Tommy Tremble,TE55,TE,CAR,1207,25.3,No,TE52,1124,,0
Jeremy McNichols,RB96,RB,WAS,1206,29.7,No,RB95,1130,,0
Tyler Badie,RB97,RB,DEN,1196,25.6,No,RB98,1081,,0
Jake Bobo,WR141,WR,SEA,1189,27.1,No,WR144,1033.99,,0
Chris Brooks,RB98,RB,GBP,1181,25.7,No,RB101,1032,,0
Malachi Corley,WR142,WR,CLE,1179,23.5,No,WR142,1077,,0
Jamari Thrash,WR143,WR,CLE,1175,24.8,No,WR138,1120,,0
Zamir White,RB99,RB,LVR,1174,26.0,No,RB97,1088,,0
Rasheen Ali,RB100,RB,BAL,1171,24.6,No,RB102,1030,,0
Jonathan Mingo,WR144,WR,DAL,1161,24.4,No,WR141,1079,,0
AJ Dillon,RB101,RB,PHI,1137,27.4,No,RB100,1038,,0
Konata Mumpfield,WR145,WR,LAR,1135,22.9,Yes,WR145,1025,,0
Jared Wiley,TE56,TE,KCC,1126,24.9,No,TE58,962,,0
Greg Dulcich,TE57,TE,MIA,1121,25.5,No,TE59,957,,0
Josh Reynolds,WR146,WR,NYJ,1117,30.6,No,WR147,998,,0
Bub Means,WR147,WR,NOS,1112,24.7,No,WR158,894,,0
Jameis Winston,QB43,QB,NYG,1109,31.7,No,QB46,1313,,0
Israel Abanikanda,RB102,RB,GBP,1108,23.0,No,RB106,918,,0
Malik Willis,QB44,QB,GBP,1105,26.3,No,QB45,1353,,0
Rondale Moore,WR148,WR,MIN,1101,25.3,No,WR149,983,,0
Brevin Jordan,TE58,TE,HOU,1087,25.2,No,TE56,972,,0
Ty Chandler,RB103,RB,MIN,1083,27.4,No,RB99,1060,,0
Demarcus Robinson,WR149,WR,SFO,1077,31.0,No,WR143,1042,,0
Tyler Johnson,WR150,WR,NYJ,1065,27.1,No,WR148,991,,0
Frank Gore Jr.,RB104,RB,BUF,1053,23.5,No,RB110,851,,0
Skyy Moore,WR151,WR,SFO,1046,25.0,No,WR152,950,,0
Davis Allen,TE59,TE,LAR,1044,24.6,No,TE57,963,,0
Kirk Cousins,QB45,QB,ATL,1042,37.1,No,QB47,1129,,0
Ainias Smith,WR152,WR,CAR,1039,24.3,No,WR154,919,,0
Mason Tipton,WR153,WR,NOS,1035,25.0,No,WR155,913,,0
Julius Chestnut,RB105,RB,TEN,1034,24.9,No,RB107,917,,0
Brandin Cooks,WR154,WR,NOS,1033,32.0,No,WR151,960,,0
Mack Hollins,WR155,WR,NEP,1027,32.0,No,WR153,949,,0
Darren Waller,TE60,TE,MIA,1026,33.0,No,TE61,936,,0
Thomas Fidone,TE61,TE,NYG,1024,23.0,Yes,TE60,947,,0
Joe Flacco,QB46,QB,CLE,1022,40.7,No,QB41,1693.99,,0
Xavier Gipson,WR156,WR,NYG,1021,24.5,No,WR156,904,,0
Hassan Haskins,RB106,RB,LAC,1020,25.8,No,RB105,922,,0
LaJohntay Wester,WR157,WR,BAL,1015,23.5,Yes,WR160,884,,0
Kimani Vidal,RB107,RB,FA,999,24.0,No,RB116,769,,0
Grant Calcaterra,TE62,TE,PHI,994,26.8,No,TE62,880,,0
Emari Demercado,RB108,RB,ARI,987,26.7,No,RB103,939,,0
Johnny Wilson,WR158,WR,PHI,983,24.5,No,WR159,892,,0
Tylan Wallace,WR159,WR,BAL,975,26.4,No,WR157,896,,0
Zay Jones,WR160,WR,ARI,969,30.5,No,WR150,975,,0
Sam Howell,QB47,QB,PHI,967,25.0,No,QB53,1057,,0
Samaje Perine,RB109,RB,CIN,958,30.0,No,RB109,854,,0
Derius Davis,WR161,WR,LAC,957,25.0,No,WR163,841,,0
Allen Lazard,WR162,WR,NYJ,955,29.8,No,WR166,801,,0
Kendall Milton,RB110,RB,CIN,953,23.6,No,RB104,935,,0
Kenny McIntosh,RB111,RB,SEA,941,25.5,No,RB111,815,,0
Alexander Mattison,RB112,RB,MIA,935,27.2,No,RB108,853.99,,0
Brock Wright,TE63,TE,DET,932,26.8,No,TE65,840.99,,0
Deuce Vaughn,RB113,RB,DEN,930,23.9,No,RB113,798,,0
Marquez Valdes-Scantling,WR163,WR,SFO,926,30.9,No,WR164,805,,0
Dylan Laube,RB114,RB,LVR,922,25.8,No,RB114,797,,0
Tim Patrick,WR164,WR,JAC,915,31.8,No,WR162,842,,0
Treylon Burks,WR165,WR,TEN,910,25.5,No,WR168,795,,0
Taysom Hill,TE64,TE,NOS,906,35.1,No,TE63,870,,0
Sione Vaki,RB115,RB,DET,905.99,24.1,No,RB115,786,,0
Van Jefferson,WR166,WR,TEN,905,29.2,No,WR167,800,,0
Bo Melton,WR167,WR,GBP,898,26.2,No,WR161,853,,0
David Bell,WR168,WR,CLE,894,24.8,No,WR165,803,,0
Trey Sermon,RB116,RB,PIT,884,26.6,No,RB112,811,,0
Mecole Hardman,WR169,WR,GBP,883,27.5,No,WR169,792,,0
Eric Gray,RB117,RB,NYG,879,25.9,No,RB117,761,,0
Cam Akers,RB118,RB,FA,878,26.2,No,RB118,738,,0
Jeremy Ruckert,TE65,TE,NYJ,877,25.1,No,TE64,868,,0
Harrison Bryant,TE66,TE,HOU,857,27.4,No,TE68,779,,0
Carson Wentz,QB48,QB,MIN,855,32.7,No,QB43,1544,,0
Adam Trautman,TE67,TE,DEN,854.99,28.6,No,TE69,747,,0
Zavier Scott,RB119,RB,MIN,829,26.2,No,RB119,730,,0
Foster Moreau,TE68,TE,NOS,828.99,28.4,No,TE67,802.99,,0
Kenny Pickett,QB49,QB,LVR,824,27.3,No,QB51,1068,,0
Riley Leonard,QB50,QB,IND,823,23.0,Yes,QB54,1020,,0
Irv Smith,TE69,TE,HOU,807,27.1,No,TE66,804.99,,0
Malik Heath,WR170,WR,GBP,797,25.5,No,WR171,678,,0
Josh Oliver,TE70,TE,MIN,766,28.5,No,TE71,696,,0
Raheem Mostert,RB120,RB,LVR,758,33.4,No,RB120,729,,0
Pierre Strong Jr.,RB121,RB,GBP,757.99,26.8,No,RB121,676,,0
Will Levis,QB51,QB,TEN,748,26.2,No,QB56,973,,0
Justin Watson,WR171,WR,HOU,744,29.4,No,WR178,595,,0
Jelani Woods,TE71,TE,NYJ,743,26.9,No,TE70,710,,0
Trey Lance,QB52,QB,LAC,731,25.4,No,QB52,1058,,0
Khalil Herbert,RB122,RB,FA,730.99,27.4,No,RB122,672,,0
Lil'Jordan Humphrey,WR172,WR,NYG,726,27.4,No,WR174,625,,0
K.J. Osborn,WR173,WR,FA,711,28.3,No,WR173,629,,0
Brenden Rice,WR174,WR,FA,703,23.5,No,WR177,603,,0
Terrace Marshall,WR175,WR,FA,697,25.3,No,WR172,635,,0
Aidan O'Connell,QB53,QB,LVR,686,27.0,No,QB58,912.99,,0
Sterling Shepard,WR176,WR,TBB,685.99,32.6,No,WR170,713,,0
Zach Wilson,QB54,QB,MIA,658,26.1,No,QB50,1071,,0
Rakim Jarrett,WR177,WR,PIT,657,24.6,No,WR179,564,,0
Sincere McCormick,RB123,RB,FA,653,25.0,No,RB124,574,,0
Austin Hooper,TE72,TE,NEP,652.99,30.9,No,TE72,565,,0
Nick Nash,WR178,WR,FA,638,25.1,Yes,WR175,618,,0
Kalif Raymond,WR179,WR,DET,631,31.1,No,WR183,517,,0
Trayveon Williams,RB124,RB,CLE,627,27.9,No,RB123,667,,0
Justin Shorter,WR180,WR,LVR,626,25.4,No,WR181,547,,0
Drew Lock,QB55,QB,SEA,622,28.8,No,QB59,908,,0
Isaiah Hodgins,WR181,WR,FA,614,26.9,No,WR180,558,,0
KJ Hamler,WR182,WR,FA,592,26.2,No,WR176,613,,0
Devin Duvernay,WR183,WR,CHI,584,28.0,No,WR184,497,,0
Travis Homer,RB125,RB,CHI,583,27.1,No,RB125,495,,0
Scotty Miller,WR184,WR,PIT,546,28.1,No,WR182,532,,0
Craig Reynolds,RB126,RB,DET,532,29.3,No,RB128,393,,0
Diontae Johnson,WR185,WR,FA,524,29.2,No,WR185,440,,0
Carson Steele,RB127,RB,FA,510,22.9,No,RB129,372,,0
Charlie Jones,WR187,WR,CIN,482,26.9,No,WR186,431,,0
Tip Reiman,TE74,TE,ARI,481.99,24.0,No,TE76,384,,0
Tanner McKee,QB56,QB,PHI,480,25.4,No,QB48,1113,,0
Austin Ekeler,RB128,RB,WAS,459,30.3,No,RB126,455,,0
Hunter Long,TE75,TE,JAC,458,27.1,No,TE74,467,,0
Kylen Granson,TE76,TE,PHI,447,27.5,No,TE73,483,,0
Tyler Scott,WR188,WR,FA,427,23.9,No,WR188,413,,0
Michael Carter,RB129,RB,FA,406,26.4,No,RB127,403,,0
Ashton Dulin,WR192,WR,IND,398,28.3,No,WR189,408,,0
Hendon Hooker,QB57,QB,FA,394,27.7,No,QB66,414,,0
Charlie Kolar,TE80,TE,BAL,389,26.6,No,TE75,394,,0
Tyler Huntley,QB58,QB,BAL,384,27.6,No,QB64,719,,0
Mason Rudolph,QB66,QB,PIT,381,30.2,No,QB63,734,,0
Gardner Minshew,QB68,QB,KCC,373,29.3,No,QB60,866,,0
Jaelon Darden,WR201,WR,FA,368,26.7,No,WR191,371,,0
Chris Evans,RB142,RB,FA,366,28.0,No,RB130,370.99,,0
A.T. Perry,WR205,WR,FA,350,25.9,No,WR187,413.99,,0
Ben Skowronek,WR206,WR,PIT,348,28.2,No,WR190,383.99,,0
Marcus Mariota,QB69,QB,WAS,341,31.9,No,QB55,989,,0
Kyle McCord,QB70,QB,PHI,251,23.0,Yes,QB61,822,,0
Tyson Bagent,QB73,QB,CHI,230,25.3,No,QB49,1082,,0
Tyrod Taylor,QB74,QB,NYJ,221,36.1,No,QB65,489,,0
Davis Mills,QB75,QB,HOU,220.99,26.9,No,QB67,386,,0
Stetson Bennett,QB76,QB,LAR,217,27.9,No,QB62,776,,0
Jimmy Garoppolo,QB95,QB,LAR,92,33.9,No,QB57,958,,0
